minor_group,title
11-0,Management Occupations
11-1,Top Executives; Chief Executives; Chief Executives; Chief Sustainability Officers; General and Operations Managers; General and Operations Managers; Legislators; Legislators
11-2,"Advertising, Marketing, Promotions, Public Relations, and Sales Managers; Advertising and Promotions Managers; Advertising and Promotions Managers; Marketing and Sales Managers; Marketing Managers; Sales Managers; Public Relations and Fundraising Managers; Public Relations Managers; Fundraising Managers"
11-3,"Operations Specialties Managers; Administrative Services and Facilities Managers; Administrative Services Managers; Facilities Managers; Security Managers; Computer and Information Systems Managers; Computer and Information Systems Managers; Financial Managers; Financial Managers; Treasurers and Controllers; Investment Fund Managers; Industrial Production Managers; Industrial Production Managers; Quality Control Systems Managers; Geothermal Production Managers; Biofuels Production Managers; Biomass Power Plant Managers; Hydroelectric Production Managers; Purchasing Managers; Purchasing Managers; Transportation, Storage, and Distribution Managers; Transportation, Storage, and Distribution Managers; Supply Chain Managers; Compensation and Benefits Managers; Compensation and Benefits Managers; Human Resources Managers; Human Resources Managers; Training and Development Managers; Training and Development Managers"
11-9,"Other Management Occupations; Farmers, Ranchers, and Other Agricultural Managers; Farmers, Ranchers, and Other Agricultural Managers; Construction Managers; Construction Managers; Education and Childcare Administrators; Education and Childcare Administrators, Preschool and Daycare; Education Administrators, Kindergarten through Secondary; Education Administrators, Postsecondary; Education Administrators, All Other; Architectural and Engineering Managers; Architectural and Engineering Managers; Biofuels/Biodiesel Technology and Product Development Managers; Food Service Managers; Food Service Managers; Entertainment and Recreation Managers; Gambling Managers; Entertainment and Recreation Managers, Except Gambling; Lodging Managers; Lodging Managers; Medical and Health Services Managers; Medical and Health Services Managers; Natural Sciences Managers; Natural Sciences Managers; Clinical Research Coordinators; Water Resource Specialists; Postmasters and Mail Superintendents; Postmasters and Mail Superintendents; Property, Real Estate, and Community Association Managers; Property, Real Estate, and Community Association Managers; Social and Community Service Managers; Social and Community Service Managers; Emergency Management Directors; Emergency Management Directors; Personal Service Managers; Funeral Home Managers; Personal Service Managers, All Other; Fitness and Wellness Coordinators; Spa Managers; Miscellaneous Managers; Managers, All Other; Regulatory Affairs Managers; Compliance Managers; Loss Prevention Managers; Wind Energy Operations Managers; Wind Energy Development Managers; Brownfield Redevelopment Specialists and Site Managers"
13-0,Business and Financial Operations Occupations
13-1,"Business Operations Specialists; Agents and Business Managers of Artists, Performers, and Athletes; Agents and Business Managers of Artists, Performers, and Athletes; Buyers and Purchasing Agents; Buyers and Purchasing Agents, Farm Products; Wholesale and Retail Buyers, Except Farm Products; Purchasing Agents, Except Wholesale, Retail, and Farm Products; Claims Adjusters, Appraisers, Examiners, and Investigators; Claims Adjusters, Examiners, and Investigators; Insurance Appraisers, Auto Damage; Compliance Officers; Compliance Officers; Environmental Compliance Inspectors; Equal Opportunity Representatives and Officers; Government Property Inspectors and Investigators; Coroners; Regulatory Affairs Specialists; Customs Brokers; Cost Estimators; Cost Estimators; Human Resources Workers; Human Resources Specialists; Farm Labor Contractors; Labor Relations Specialists; Logisticians and Project Management Specialists; Logisticians; Logistics Engineers; Logistics Analysts; Project Management Specialists; Management Analysts; Management Analysts; Meeting, Convention, and Event Planners; Meeting, Convention, and Event Planners; Fundraisers; Fundraisers; Compensation, Benefits, and Job Analysis Specialists; Compensation, Benefits, and Job Analysis Specialists; Training and Development Specialists; Training and Development Specialists; Market Research Analysts and Marketing Specialists; Market Research Analysts and Marketing Specialists; Search Marketing Strategists; Miscellaneous Business Operations Specialists; Business Operations Specialists, All Other; Business Continuity Planners; Sustainability Specialists; Online Merchants; Security Management Specialists"
13-2,"Financial Specialists; Accountants and Auditors; Accountants and Auditors; Property Appraisers and Assessors; Appraisers of Personal and Business Property; Appraisers and Assessors of Real Estate; Budget Analysts; Budget Analysts; Credit Analysts; Credit Analysts; Financial Analysts and Advisors; Financial and Investment Analysts; Personal Financial Advisors; Insurance Underwriters; Financial Risk Specialists; Financial Examiners; Financial Examiners; Credit Counselors and Loan Officers; Credit Counselors; Loan Officers; Tax Examiners, Collectors and Preparers, and Revenue Agents; Tax Examiners and Collectors, and Revenue Agents; Tax Preparers; Miscellaneous Financial Specialists; Financial Specialists, All Other; Financial Quantitative Analysts; Fraud Examiners, Investigators and Analysts"
15-0,Computer and Mathematical Occupations
15-1,"Computer Occupations; Computer and Information Analysts; Computer Systems Analysts; Health Informatics Specialists; Information Security Analysts; Computer and Information Research Scientists; Computer and Information Research Scientists; Computer Support Specialists; Computer Network Support Specialists; Computer User Support Specialists; Database and Network Administrators and Architects; Computer Network Architects; Telecommunications Engineering Specialists; Database Administrators; Database Architects; Data Warehousing Specialists; Network and Computer Systems Administrators; Software and Web Developers, Programmers, and Testers; Computer Programmers; Software Developers; Software Quality Assurance Analysts and Testers; Web Developers; Web and Digital Interface Designers; Video Game Designers; Miscellaneous Computer Occupations; Computer Occupations, All Other; Web Administrators; Geographic Information Systems Technologists and Technicians; Document Management Specialists; Penetration Testers; Information Security Engineers; Digital Forensics Analysts; Blockchain Engineers; Computer Systems Engineers/Architects; Information Technology Project Managers"
15-2,"Mathematical Science Occupations; Actuaries; Actuaries; Mathematicians; Mathematicians; Operations Research Analysts; Operations Research Analysts; Statisticians; Statisticians; Biostatisticians; Data Scientists; Data Scientists; Business Intelligence Analysts; Clinical Data Managers; Miscellaneous Mathematical Science Occupations; Mathematical Science Occupations, All Other; Bioinformatics Technicians"
17-0,Architecture and Engineering Occupations
17-1,"Architects, Surveyors, and Cartographers; Architects, Except Naval; Architects, Except Landscape and Naval; Landscape Architects; Surveyors, Cartographers, and Photogrammetrists; Cartographers and Photogrammetrists; Surveyors; Geodetic Surveyors"
17-2,"Engineers; Aerospace Engineers; Aerospace Engineers; Agricultural Engineers; Agricultural Engineers; Bioengineers and Biomedical Engineers; Bioengineers and Biomedical Engineers; Chemical Engineers; Chemical Engineers; Civil Engineers; Civil Engineers; Transportation Engineers; Water/Wastewater Engineers; Computer Hardware Engineers; Computer Hardware Engineers; Electrical and Electronics Engineers; Electrical Engineers; Electronics Engineers, Except Computer; Radio Frequency Identification Device Specialists; Environmental Engineers; Environmental Engineers; Industrial Engineers, Including Health and Safety; Health and Safety Engineers, Except Mining Safety Engineers and Inspectors; Fire-Prevention and Protection Engineers; Industrial Engineers; Human Factors Engineers and Ergonomists; Validation Engineers; Manufacturing Engineers; Marine Engineers and Naval Architects; Marine Engineers and Naval Architects; Materials Engineers; Materials Engineers; Mechanical Engineers; Mechanical Engineers; Fuel Cell Engineers; Automotive Engineers; Mining and Geological Engineers, Including Mining Safety Engineers; Mining and Geological Engineers, Including Mining Safety Engineers; Nuclear Engineers; Nuclear Engineers; Petroleum Engineers; Petroleum Engineers; Miscellaneous Engineers; Engineers, All Other; Energy Engineers, Except Wind and Solar; Mechatronics Engineers; Microsystems Engineers; Photonics Engineers; Robotics Engineers; Nanosystems Engineers; Wind Energy Engineers; Solar Energy Systems Engineers"
17-3,"Drafters, Engineering Technicians, and Mapping Technicians; Drafters; Architectural and Civil Drafters; Electrical and Electronics Drafters; Mechanical Drafters; Drafters, All Other; Engineering Technologists and Technicians, Except Drafters; Aerospace Engineering and Operations Technologists and Technicians; Civil Engineering Technologists and Technicians; Electrical and Electronic Engineering Technologists and Technicians; Electro-Mechanical and Mechatronics Technologists and Technicians; Robotics Technicians; Environmental Engineering Technologists and Technicians; Industrial Engineering Technologists and Technicians; Nanotechnology Engineering Technologists and Technicians; Mechanical Engineering Technologists and Technicians; Automotive Engineering Technicians; Calibration Technologists and Technicians; Engineering Technologists and Technicians, Except Drafters, All Other; Non-Destructive Testing Specialists; Photonics Technicians; Surveying and Mapping Technicians; Surveying and Mapping Technicians"
19-0,"Life, Physical, and Social Science Occupations"
19-1,"Life Scientists; Agricultural and Food Scientists; Animal Scientists; Food Scientists and Technologists; Soil and Plant Scientists; Biological Scientists; Biochemists and Biophysicists; Microbiologists; Zoologists and Wildlife Biologists; Biological Scientists, All Other; Bioinformatics Scientists; Molecular and Cellular Biologists; Geneticists; Biologists; Conservation Scientists and Foresters; Conservation Scientists; Range Managers; Park Naturalists; Foresters; Medical Scientists; Epidemiologists; Medical Scientists, Except Epidemiologists; Miscellaneous Life Scientists; Life Scientists, All Other"
19-2,"Physical Scientists; Astronomers and Physicists; Astronomers; Physicists; Atmospheric and Space Scientists; Atmospheric and Space Scientists; Chemists and Materials Scientists; Chemists; Materials Scientists; Environmental Scientists and Geoscientists; Environmental Scientists and Specialists, Including Health; Climate Change Policy Analysts; Environmental Restoration Planners; Industrial Ecologists; Geoscientists, Except Hydrologists and Geographers; Hydrologists; Miscellaneous Physical Scientists; Physical Scientists, All Other; Remote Sensing Scientists and Technologists"
19-3,"Social Scientists and Related Workers; Economists; Economists; Environmental Economists; Survey Researchers; Survey Researchers; Psychologists; Industrial-Organizational Psychologists; Clinical and Counseling Psychologists; School Psychologists; Psychologists, All Other; Neuropsychologists; Clinical Neuropsychologists; Sociologists; Sociologists; Urban and Regional Planners; Urban and Regional Planners; Miscellaneous Social Scientists and Related Workers; Anthropologists and Archeologists; Geographers; Historians; Political Scientists; Social Scientists and Related Workers, All Other; Transportation Planners"
19-4,"Life, Physical, and Social Science Technicians; Agricultural and Food Science Technicians; Agricultural Technicians; Precision Agriculture Technicians; Food Science Technicians; Biological Technicians; Biological Technicians; Chemical Technicians; Chemical Technicians; Environmental Science and Geoscience Technicians; Environmental Science and Protection Technicians, Including Health; Geological Technicians, Except Hydrologic Technicians; Hydrologic Technicians; Nuclear Technicians; Nuclear Technicians; Nuclear Monitoring Technicians; Social Science Research Assistants; Social Science Research Assistants; Forest and Conservation Technicians; Forest and Conservation Technicians; Miscellaneous Life, Physical, and Social Science Technicians; Forensic Science Technicians; Life, Physical, and Social Science Technicians, All Other; Quality Control Analysts; Remote Sensing Technicians"
19-5,Occupational Health and Safety Specialists and Technicians; Occupational Health and Safety Specialists and Technicians; Occupational Health and Safety Specialists; Occupational Health and Safety Technicians
21-0,Community and Social Service Occupations
21-1,"Counselors, Social Workers, and Other Community and Social Service Specialists; Counselors; Substance Abuse and Behavioral Disorder Counselors; Educational, Guidance, and Career Counselors and Advisors; Marriage and Family Therapists; Mental Health Counselors; Rehabilitation Counselors; Counselors, All Other; Social Workers; Child, Family, and School Social Workers; Healthcare Social Workers; Mental Health and Substance Abuse Social Workers; Social Workers, All Other; Miscellaneous Community and Social Service Specialists; Health Education Specialists; Probation Officers and Correctional Treatment Specialists; Social and Human Service Assistants; Community Health Workers; Community and Social Service Specialists, All Other"
21-2,"Religious Workers; Clergy; Clergy; Directors, Religious Activities and Education; Directors, Religious Activities and Education; Miscellaneous Religious Workers; Religious Workers, All Other"
23-0,Legal Occupations
23-1,"Lawyers, Judges, and Related Workers; Lawyers and Judicial Law Clerks; Lawyers; Judicial Law Clerks; Judges, Magistrates, and Other Judicial Workers; Administrative Law Judges, Adjudicators, and Hearing Officers; Arbitrators, Mediators, and Conciliators; Judges, Magistrate Judges, and Magistrates"
23-2,"Legal Support Workers; Paralegals and Legal Assistants; Paralegals and Legal Assistants; Miscellaneous Legal Support Workers; Title Examiners, Abstractors, and Searchers; Legal Support Workers, All Other"
25-0,Educational Instruction and Library Occupations
25-1,"Postsecondary Teachers; Business Teachers, Postsecondary; Business Teachers, Postsecondary; Math and Computer Science Teachers, Postsecondary; Computer Science Teachers, Postsecondary; Mathematical Science Teachers, Postsecondary; Engineering and Architecture Teachers, Postsecondary; Architecture Teachers, Postsecondary; Engineering Teachers, Postsecondary; Life Sciences Teachers, Postsecondary; Agricultural Sciences Teachers, Postsecondary; Biological Science Teachers, Postsecondary; Forestry and Conservation Science Teachers, Postsecondary; Physical Sciences Teachers, Postsecondary; Atmospheric, Earth, Marine, and Space Sciences Teachers, Postsecondary; Chemistry Teachers, Postsecondary; Environmental Science Teachers, Postsecondary; Physics Teachers, Postsecondary; Social Sciences Teachers, Postsecondary; Anthropology and Archeology Teachers, Postsecondary; Area, Ethnic, and Cultural Studies Teachers, Postsecondary; Economics Teachers, Postsecondary; Geography Teachers, Postsecondary; Political Science Teachers, Postsecondary; Psychology Teachers, Postsecondary; Sociology Teachers, Postsecondary; Social Sciences Teachers, Postsecondary, All Other; Health Teachers, Postsecondary; Health Specialties Teachers, Postsecondary; Nursing Instructors and Teachers, Postsecondary; Education and Library Science Teachers, Postsecondary; Education Teachers, Postsecondary; Library Science Teachers, Postsecondary; Law, Criminal Justice, and Social Work Teachers, Postsecondary; Criminal Justice and Law Enforcement Teachers, Postsecondary; Law Teachers, Postsecondary; Social Work Teachers, Postsecondary; Arts, Communications, History, and Humanities Teachers, Postsecondary; Art, Drama, and Music Teachers, Postsecondary; Communications Teachers, Postsecondary; English Language and Literature Teachers, Postsecondary; Foreign Language and Literature Teachers, Postsecondary; History Teachers, Postsecondary; Philosophy and Religion Teachers, Postsecondary; Miscellaneous Postsecondary Teachers; Family and Consumer Sciences Teachers, Postsecondary; Recreation and Fitness Studies Teachers, Postsecondary; Career/Technical Education Teachers, Postsecondary; Postsecondary Teachers, All Other"
25-2,"Preschool, Elementary, Middle, Secondary, and Special Education Teachers; Preschool and Kindergarten Teachers; Preschool Teachers, Except Special Education; Kindergarten Teachers, Except Special Education; Elementary and Middle School Teachers; Elementary School Teachers, Except Special Education; Middle School Teachers, Except Special and Career/Technical Education; Career/Technical Education Teachers, Middle School; Secondary School Teachers; Secondary School Teachers, Except Special and Career/Technical Education; Career/Technical Education Teachers, Secondary School; Special Education Teachers; Special Education Teachers, Preschool; Special Education Teachers, Kindergarten; Special Education Teachers, Elementary School; Special Education Teachers, Middle School; Special Education Teachers, Secondary School; Special Education Teachers, All Other; Adapted Physical Education Specialists"
25-3,"Other Teachers and Instructors; Adult Basic Education, Adult Secondary Education, and English as a Second Language Instructors; Adult Basic Education, Adult Secondary Education, and English as a Second Language Instructors; Self-Enrichment Teachers; Self-Enrichment Teachers; Substitute Teachers, Short-Term; Substitute Teachers, Short-Term; Tutors; Tutors; Miscellaneous Teachers and Instructors; Teachers and Instructors, All Other"
25-4,"Librarians, Curators, and Archivists; Archivists, Curators, and Museum Technicians; Archivists; Curators; Museum Technicians and Conservators; Librarians and Media Collections Specialists; Librarians and Media Collections Specialists; Library Technicians; Library Technicians"
25-9,"Other Educational Instruction and Library Occupations; Farm and Home Management Educators; Farm and Home Management Educators; Instructional Coordinators; Instructional Coordinators; Teaching Assistants; Teaching Assistants, Preschool, Elementary, Middle, and Secondary School, Except Special Education; Teaching Assistants, Special Education; Teaching Assistants, Postsecondary; Teaching Assistants, All Other; Miscellaneous Educational Instruction and Library Workers; Educational Instruction and Library Workers, All Other"
27-0,"Arts, Design, Entertainment, Sports, and Media Occupations"
27-1,"Art and Design Workers; Artists and Related Workers; Art Directors; Craft Artists; Fine Artists, Including Painters, Sculptors, and Illustrators; Special Effects Artists and Animators; Artists and Related Workers, All Other; Designers; Commercial and Industrial Designers; Fashion Designers; Floral Designers; Graphic Designers; Interior Designers; Merchandise Displayers and Window Trimmers; Set and Exhibit Designers; Designers, All Other"
27-2,"Entertainers and Performers, Sports and Related Workers; Actors, Producers, and Directors; Actors; Producers and Directors; Media Programming Directors; Talent Directors; Media Technical Directors/Managers; Athletes, Coaches, Umpires, and Related Workers; Athletes and Sports Competitors; Coaches and Scouts; Umpires, Referees, and Other Sports Officials; Dancers and Choreographers; Dancers; Choreographers; Musicians, Singers, and Related Workers; Music Directors and Composers; Musicians and Singers; Miscellaneous Entertainers and Performers, Sports and Related Workers; Disc Jockeys, Except Radio; Entertainers and Performers, Sports and Related Workers, All Other"
27-3,"Media and Communication Workers; Broadcast Announcers and Radio Disc Jockeys; Broadcast Announcers and Radio Disc Jockeys; News Analysts, Reporters and Journalists; News Analysts, Reporters, and Journalists; Public Relations Specialists; Public Relations Specialists; Writers and Editors; Editors; Technical Writers; Writers and Authors; Poets, Lyricists and Creative Writers; Miscellaneous Media and Communication Workers; Interpreters and Translators; Court Reporters and Simultaneous Captioners; Media and Communication Workers, All Other"
27-4,"Media and Communication Equipment Workers; Broadcast, Sound, and Lighting Technicians; Audio and Video Technicians; Broadcast Technicians; Sound Engineering Technicians; Lighting Technicians; Photographers; Photographers; Television, Video, and Film Camera Operators and Editors; Camera Operators, Television, Video, and Film; Film and Video Editors; Miscellaneous Media and Communication Equipment Workers; Media and Communication Equipment Workers, All Other"
29-0,Healthcare Practitioners and Technical Occupations
29-1,"Healthcare Diagnosing or Treating Practitioners; Chiropractors; Chiropractors; Dentists; Dentists, General; Oral and Maxillofacial Surgeons; Orthodontists; Prosthodontists; Dentists, All Other Specialists; Dietitians and Nutritionists; Dietitians and Nutritionists; Optometrists; Optometrists; Pharmacists; Pharmacists; Physician Assistants; Physician Assistants; Anesthesiologist Assistants; Podiatrists; Podiatrists; Therapists; Occupational Therapists; Low Vision Therapists, Orientation and Mobility Specialists, and Vision Rehabilitation Therapists; Physical Therapists; Radiation Therapists; Recreational Therapists; Respiratory Therapists; Speech-Language Pathologists; Exercise Physiologists; Therapists, All Other; Art Therapists; Music Therapists; Veterinarians; Veterinarians; Registered Nurses; Registered Nurses; Acute Care Nurses; Advanced Practice Psychiatric Nurses; Critical Care Nurses; Clinical Nurse Specialists; Nurse Anesthetists; Nurse Anesthetists; Nurse Midwives; Nurse Midwives; Nurse Practitioners; Nurse Practitioners; Audiologists; Audiologists; Physicians; Anesthesiologists; Cardiologists; Dermatologists; Emergency Medicine Physicians; Family Medicine Physicians; General Internal Medicine Physicians; Neurologists; Obstetricians and Gynecologists; Pediatricians, General; Physicians, Pathologists; Psychiatrists; Radiologists; Physicians, All Other; Allergists and Immunologists; Hospitalists; Urologists; Physical Medicine and Rehabilitation Physicians; Preventive Medicine Physicians; Sports Medicine Physicians; Surgeons; Ophthalmologists, Except Pediatric; Orthopedic Surgeons, Except Pediatric; Pediatric Surgeons; Surgeons, All Other; Miscellaneous Healthcare Diagnosing or Treating Practitioners; Acupuncturists; Dental Hygienists; Healthcare Diagnosing or Treating Practitioners, All Other; Naturopathic Physicians; Orthoptists"
29-2,"Health Technologists and Technicians; Clinical Laboratory Technologists and Technicians; Medical and Clinical Laboratory Technologists; Cytogenetic Technologists; Cytotechnologists; Histotechnologists; Medical and Clinical Laboratory Technicians; Histology Technicians; Diagnostic Related Technologists and Technicians; Cardiovascular Technologists and Technicians; Diagnostic Medical Sonographers; Nuclear Medicine Technologists; Radiologic Technologists and Technicians; Magnetic Resonance Imaging Technologists; Medical Dosimetrists; Emergency Medical Technicians and Paramedics; Emergency Medical Technicians; Paramedics; Health Practitioner Support Technologists and Technicians; Dietetic Technicians; Pharmacy Technicians; Psychiatric Technicians; Surgical Technologists; Veterinary Technologists and Technicians; Ophthalmic Medical Technicians; Licensed Practical and Licensed Vocational Nurses; Licensed Practical and Licensed Vocational Nurses; Medical Records Specialists; Medical Records Specialists; Opticians, Dispensing; Opticians, Dispensing; Miscellaneous Health Technologists and Technicians; Orthotists and Prosthetists; Hearing Aid Specialists; Health Technologists and Technicians, All Other; Neurodiagnostic Technologists; Ophthalmic Medical Technologists; Patient Representatives"
29-9,"Other Healthcare Practitioners and Technical Occupations; Health Information Technologists and Medical Registrars; Health Information Technologists and Medical Registrars; Miscellaneous Health Practitioners and Technical Workers; Athletic Trainers; Genetic Counselors; Surgical Assistants; Healthcare Practitioners and Technical Workers, All Other; Midwives"
31-0,Healthcare Support Occupations
31-1,"Home Health and Personal Care Aides; and Nursing Assistants, Orderlies, and Psychiatric Aides; Home Health and Personal Care Aides; Home Health Aides; Personal Care Aides; Nursing Assistants, Orderlies, and Psychiatric Aides; Nursing Assistants; Orderlies; Psychiatric Aides"
31-2,Occupational Therapy and Physical Therapist Assistants and Aides; Occupational Therapy Assistants and Aides; Occupational Therapy Assistants; Occupational Therapy Aides; Physical Therapist Assistants and Aides; Physical Therapist Assistants; Physical Therapist Aides
31-9,"Other Healthcare Support Occupations; Massage Therapists; Massage Therapists; Miscellaneous Healthcare Support Occupations; Dental Assistants; Medical Assistants; Medical Equipment Preparers; Medical Transcriptionists; Pharmacy Aides; Veterinary Assistants and Laboratory Animal Caretakers; Phlebotomists; Healthcare Support Workers, All Other; Speech-Language Pathology Assistants; Endoscopy Technicians"
33-0,Protective Service Occupations
33-1,"Supervisors of Protective Service Workers; First-Line Supervisors of Law Enforcement Workers; First-Line Supervisors of Correctional Officers; First-Line Supervisors of Police and Detectives; First-Line Supervisors of Firefighting and Prevention Workers; First-Line Supervisors of Firefighting and Prevention Workers; Miscellaneous First-Line Supervisors, Protective Service Workers; First-Line Supervisors of Security Workers; First-Line Supervisors of Protective Service Workers, All Other"
33-2,Firefighting and Prevention Workers; Firefighters; Firefighters; Fire Inspectors; Fire Inspectors and Investigators; Forest Fire Inspectors and Prevention Specialists
33-3,"Law Enforcement Workers; Bailiffs, Correctional Officers, and Jailers; Bailiffs; Correctional Officers and Jailers; Detectives and Criminal Investigators; Detectives and Criminal Investigators; Police Identification and Records Officers; Intelligence Analysts; Fish and Game Wardens; Fish and Game Wardens; Parking Enforcement Workers; Parking Enforcement Workers; Police Officers; Police and Sheriff's Patrol Officers; Customs and Border Protection Officers; Transit and Railroad Police"
33-9,"Other Protective Service Workers; Animal Control Workers; Animal Control Workers; Private Detectives and Investigators; Private Detectives and Investigators; Security Guards and Gambling Surveillance Officers; Gambling Surveillance Officers and Gambling Investigators; Security Guards; Miscellaneous Protective Service Workers; Crossing Guards and Flaggers; Lifeguards, Ski Patrol, and Other Recreational Protective Service Workers; Transportation Security Screeners; School Bus Monitors; Protective Service Workers, All Other; Retail Loss Prevention Specialists"
35-0,Food Preparation and Serving Related Occupations
35-1,Supervisors of Food Preparation and Serving Workers; Supervisors of Food Preparation and Serving Workers; Chefs and Head Cooks; First-Line Supervisors of Food Preparation and Serving Workers
35-2,"Cooks and Food Preparation Workers; Cooks; Cooks, Fast Food; Cooks, Institution and Cafeteria; Cooks, Private Household; Cooks, Restaurant; Cooks, Short Order; Cooks, All Other; Food Preparation Workers; Food Preparation Workers"
35-3,"Food and Beverage Serving Workers; Bartenders; Bartenders; Fast Food and Counter Workers; Fast Food and Counter Workers; Baristas; Waiters and Waitresses; Waiters and Waitresses; Food Servers, Nonrestaurant; Food Servers, Nonrestaurant"
35-9,"Other Food Preparation and Serving Related Workers; Dining Room and Cafeteria Attendants and Bartender Helpers; Dining Room and Cafeteria Attendants and Bartender Helpers; Dishwashers; Dishwashers; Hosts and Hostesses, Restaurant, Lounge, and Coffee Shop; Hosts and Hostesses, Restaurant, Lounge, and Coffee Shop; Miscellaneous Food Preparation and Serving Related Workers; Food Preparation and Serving Related Workers, All Other"
37-0,Building and Grounds Cleaning and Maintenance Occupations
37-1,"Supervisors of Building and Grounds Cleaning and Maintenance Workers; First-Line Supervisors of Building and Grounds Cleaning and Maintenance Workers; First-Line Supervisors of Housekeeping and Janitorial Workers; First-Line Supervisors of Landscaping, Lawn Service, and Groundskeeping Workers"
37-2,"Building Cleaning and Pest Control Workers; Building Cleaning Workers; Janitors and Cleaners, Except Maids and Housekeeping Cleaners; Maids and Housekeeping Cleaners; Building Cleaning Workers, All Other; Pest Control Workers; Pest Control Workers"
37-3,"Grounds Maintenance Workers; Grounds Maintenance Workers; Landscaping and Groundskeeping Workers; Pesticide Handlers, Sprayers, and Applicators, Vegetation; Tree Trimmers and Pruners; Grounds Maintenance Workers, All Other"
39-0,Personal Care and Service Occupations
39-1,"Supervisors of Personal Care and Service Workers; First-Line Supervisors of Entertainment and Recreation Workers; First-Line Supervisors of Gambling Services Workers; First-Line Supervisors of Entertainment and Recreation Workers, Except Gambling Services; First-Line Supervisors of Personal Service Workers; First-Line Supervisors of Personal Service Workers"
39-2,Animal Care and Service Workers; Animal Trainers; Animal Trainers; Animal Caretakers; Animal Caretakers
39-3,"Entertainment Attendants and Related Workers; Gambling Services Workers; Gambling Dealers; Gambling and Sports Book Writers and Runners; Gambling Service Workers, All Other; Motion Picture Projectionists; Motion Picture Projectionists; Ushers, Lobby Attendants, and Ticket Takers; Ushers, Lobby Attendants, and Ticket Takers; Miscellaneous Entertainment Attendants and Related Workers; Amusement and Recreation Attendants; Costume Attendants; Locker Room, Coatroom, and Dressing Room Attendants; Entertainment Attendants and Related Workers, All Other"
39-4,"Funeral Service Workers; Embalmers and Crematory Operators; Embalmers; Crematory Operators; Funeral Attendants; Funeral Attendants; Morticians, Undertakers, and Funeral Arrangers; Morticians, Undertakers, and Funeral Arrangers"
39-5,"Personal Appearance Workers; Barbers, Hairdressers, Hairstylists and Cosmetologists; Barbers; Hairdressers, Hairstylists, and Cosmetologists; Miscellaneous Personal Appearance Workers; Makeup Artists, Theatrical and Performance; Manicurists and Pedicurists; Shampooers; Skincare Specialists"
39-6,"Baggage Porters, Bellhops, and Concierges; Baggage Porters, Bellhops, and Concierges; Baggage Porters and Bellhops; Concierges"
39-7,Tour and Travel Guides; Tour and Travel Guides; Tour Guides and Escorts; Travel Guides
39-9,"Other Personal Care and Service Workers; Childcare Workers; Childcare Workers; Nannies; Recreation and Fitness Workers; Exercise Trainers and Group Fitness Instructors; Recreation Workers; Residential Advisors; Residential Advisors; Miscellaneous Personal Care and Service Workers; Personal Care and Service Workers, All Other"
41-0,Sales and Related Occupations
41-1,Supervisors of Sales Workers; First-Line Supervisors of Sales Workers; First-Line Supervisors of Retail Sales Workers; First-Line Supervisors of Non-Retail Sales Workers
41-2,Retail Sales Workers; Cashiers; Cashiers; Gambling Change Persons and Booth Cashiers; Counter and Rental Clerks and Parts Salespersons; Counter and Rental Clerks; Parts Salespersons; Retail Salespersons; Retail Salespersons
41-3,"Sales Representatives, Services; Advertising Sales Agents; Advertising Sales Agents; Insurance Sales Agents; Insurance Sales Agents; Securities, Commodities, and Financial Services Sales Agents; Securities, Commodities, and Financial Services Sales Agents; Travel Agents; Travel Agents; Miscellaneous Sales Representatives, Services; Sales Representatives of Services, Except Advertising, Insurance, Financial Services, and Travel"
41-4,"Sales Representatives, Wholesale and Manufacturing; Sales Representatives, Wholesale and Manufacturing; Sales Representatives, Wholesale and Manufacturing, Technical and Scientific Products; Solar Sales Representatives and Assessors; Sales Representatives, Wholesale and Manufacturing, Except Technical and Scientific Products"
41-9,"Other Sales and Related Workers; Models, Demonstrators, and Product Promoters; Demonstrators and Product Promoters; Models; Real Estate Brokers and Sales Agents; Real Estate Brokers; Real Estate Sales Agents; Sales Engineers; Sales Engineers; Telemarketers; Telemarketers; Miscellaneous Sales and Related Workers; Door-to-Door Sales Workers, News and Street Vendors, and Related Workers; Sales and Related Workers, All Other"
43-0,Office and Administrative Support Occupations
43-1,Supervisors of Office and Administrative Support Workers; First-Line Supervisors of Office and Administrative Support Workers; First-Line Supervisors of Office and Administrative Support Workers
43-2,"Communications Equipment Operators; Switchboard Operators, Including Answering Service; Switchboard Operators, Including Answering Service; Telephone Operators; Telephone Operators; Miscellaneous Communications Equipment Operators; Communications Equipment Operators, All Other"
43-3,"Financial Clerks; Bill and Account Collectors; Bill and Account Collectors; Billing and Posting Clerks; Billing and Posting Clerks; Bookkeeping, Accounting, and Auditing Clerks; Bookkeeping, Accounting, and Auditing Clerks; Gambling Cage Workers; Gambling Cage Workers; Payroll and Timekeeping Clerks; Payroll and Timekeeping Clerks; Procurement Clerks; Procurement Clerks; Tellers; Tellers; Miscellaneous Financial Clerks; Financial Clerks, All Other"
43-4,"Information and Record Clerks; Brokerage Clerks; Brokerage Clerks; Correspondence Clerks; Correspondence Clerks; Court, Municipal, and License Clerks; Court, Municipal, and License Clerks; Credit Authorizers, Checkers, and Clerks; Credit Authorizers, Checkers, and Clerks; Customer Service Representatives; Customer Service Representatives; Eligibility Interviewers, Government Programs; Eligibility Interviewers, Government Programs; File Clerks; File Clerks; Hotel, Motel, and Resort Desk Clerks; Hotel, Motel, and Resort Desk Clerks; Interviewers, Except Eligibility and Loan; Interviewers, Except Eligibility and Loan; Library Assistants, Clerical; Library Assistants, Clerical; Loan Interviewers and Clerks; Loan Interviewers and Clerks; New Accounts Clerks; New Accounts Clerks; Order Clerks; Order Clerks; Human Resources Assistants, Except Payroll and Timekeeping; Human Resources Assistants, Except Payroll and Timekeeping; Receptionists and Information Clerks; Receptionists and Information Clerks; Reservation and Transportation Ticket Agents and Travel Clerks; Reservation and Transportation Ticket Agents and Travel Clerks; Miscellaneous Information and Record Clerks; Information and Record Clerks, All Other"
43-5,"Material Recording, Scheduling, Dispatching, and Distributing Workers; Cargo and Freight Agents; Cargo and Freight Agents; Freight Forwarders; Couriers and Messengers; Couriers and Messengers; Dispatchers; Public Safety Telecommunicators; Dispatchers, Except Police, Fire, and Ambulance; Meter Readers, Utilities; Meter Readers, Utilities; Postal Service Workers; Postal Service Clerks; Postal Service Mail Carriers; Postal Service Mail Sorters, Processors, and Processing Machine Operators; Production, Planning, and Expediting Clerks; Production, Planning, and Expediting Clerks; Shipping, Receiving, and Inventory Clerks; Shipping, Receiving, and Inventory Clerks; Weighers, Measurers, Checkers, and Samplers, Recordkeeping; Weighers, Measurers, Checkers, and Samplers, Recordkeeping"
43-6,"Secretaries and Administrative Assistants; Secretaries and Administrative Assistants; Executive Secretaries and Executive Administrative Assistants; Legal Secretaries and Administrative Assistants; Medical Secretaries and Administrative Assistants; Secretaries and Administrative Assistants, Except Legal, Medical, and Executive"
43-9,"Other Office and Administrative Support Workers; Data Entry and Information Processing Workers; Data Entry Keyers; Word Processors and Typists; Desktop Publishers; Desktop Publishers; Insurance Claims and Policy Processing Clerks; Insurance Claims and Policy Processing Clerks; Mail Clerks and Mail Machine Operators, Except Postal Service; Mail Clerks and Mail Machine Operators, Except Postal Service; Office Clerks, General; Office Clerks, General; Office Machine Operators, Except Computer; Office Machine Operators, Except Computer; Proofreaders and Copy Markers; Proofreaders and Copy Markers; Statistical Assistants; Statistical Assistants; Miscellaneous Office and Administrative Support Workers; Office and Administrative Support Workers, All Other"
45-0,"Farming, Fishing, and Forestry Occupations"
45-1,"Supervisors of Farming, Fishing, and Forestry Workers; First-Line Supervisors of Farming, Fishing, and Forestry Workers; First-Line Supervisors of Farming, Fishing, and Forestry Workers"
45-2,"Agricultural Workers; Agricultural Inspectors; Agricultural Inspectors; Animal Breeders; Animal Breeders; Graders and Sorters, Agricultural Products; Graders and Sorters, Agricultural Products; Miscellaneous Agricultural Workers; Agricultural Equipment Operators; Farmworkers and Laborers, Crop, Nursery, and Greenhouse; Farmworkers, Farm, Ranch, and Aquacultural Animals; Agricultural Workers, All Other"
45-3,Fishing and Hunting Workers; Fishing and Hunting Workers; Fishing and Hunting Workers
45-4,"Forest, Conservation, and Logging Workers; Forest and Conservation Workers; Forest and Conservation Workers; Logging Workers; Fallers; Logging Equipment Operators; Log Graders and Scalers; Logging Workers, All Other"
47-0,Construction and Extraction Occupations
47-1,Supervisors of Construction and Extraction Workers; First-Line Supervisors of Construction Trades and Extraction Workers; First-Line Supervisors of Construction Trades and Extraction Workers; Solar Energy Installation Managers
47-2,"Construction Trades Workers; Boilermakers; Boilermakers; Brickmasons, Blockmasons, and Stonemasons; Brickmasons and Blockmasons; Stonemasons; Carpenters; Carpenters; Carpet, Floor, and Tile Installers and Finishers; Carpet Installers; Floor Layers, Except Carpet, Wood, and Hard Tiles; Floor Sanders and Finishers; Tile and Stone Setters; Cement Masons, Concrete Finishers, and Terrazzo Workers; Cement Masons and Concrete Finishers; Terrazzo Workers and Finishers; Construction Laborers; Construction Laborers; Construction Equipment Operators; Paving, Surfacing, and Tamping Equipment Operators; Pile Driver Operators; Operating Engineers and Other Construction Equipment Operators; Drywall Installers, Ceiling Tile Installers, and Tapers; Drywall and Ceiling Tile Installers; Tapers; Electricians; Electricians; Glaziers; Glaziers; Insulation Workers; Insulation Workers, Floor, Ceiling, and Wall; Insulation Workers, Mechanical; Painters and Paperhangers; Painters, Construction and Maintenance; Paperhangers; Pipelayers, Plumbers, Pipefitters, and Steamfitters; Pipelayers; Plumbers, Pipefitters, and Steamfitters; Solar Thermal Installers and Technicians; Plasterers and Stucco Masons; Plasterers and Stucco Masons; Reinforcing Iron and Rebar Workers; Reinforcing Iron and Rebar Workers; Roofers; Roofers; Sheet Metal Workers; Sheet Metal Workers; Structural Iron and Steel Workers; Structural Iron and Steel Workers; Solar Photovoltaic Installers; Solar Photovoltaic Installers"
47-3,"Helpers, Construction Trades; Helpers, Construction Trades; Helpers--Brickmasons, Blockmasons, Stonemasons, and Tile and Marble Setters; Helpers--Carpenters; Helpers--Electricians; Helpers--Painters, Paperhangers, Plasterers, and Stucco Masons; Helpers--Pipelayers, Plumbers, Pipefitters, and Steamfitters; Helpers--Roofers; Helpers, Construction Trades, All Other"
47-4,"Other Construction and Related Workers; Construction and Building Inspectors; Construction and Building Inspectors; Energy Auditors; Elevator and Escalator Installers and Repairers; Elevator and Escalator Installers and Repairers; Fence Erectors; Fence Erectors; Hazardous Materials Removal Workers; Hazardous Materials Removal Workers; Highway Maintenance Workers; Highway Maintenance Workers; Rail-Track Laying and Maintenance Equipment Operators; Rail-Track Laying and Maintenance Equipment Operators; Septic Tank Servicers and Sewer Pipe Cleaners; Septic Tank Servicers and Sewer Pipe Cleaners; Miscellaneous Construction and Related Workers; Segmental Pavers; Construction and Related Workers, All Other; Weatherization Installers and Technicians"
47-5,"Extraction Workers; Derrick, Rotary Drill, and Service Unit Operators, Oil and Gas; Derrick Operators, Oil and Gas; Rotary Drill Operators, Oil and Gas; Service Unit Operators, Oil and Gas; Surface Mining Machine Operators and Earth Drillers; Excavating and Loading Machine and Dragline Operators, Surface Mining; Earth Drillers, Except Oil and Gas; Explosives Workers, Ordnance Handling Experts, and Blasters; Explosives Workers, Ordnance Handling Experts, and Blasters; Underground Mining Machine Operators; Continuous Mining Machine Operators; Roof Bolters, Mining; Loading and Moving Machine Operators, Underground Mining; Underground Mining Machine Operators, All Other; Rock Splitters, Quarry; Rock Splitters, Quarry; Roustabouts, Oil and Gas; Roustabouts, Oil and Gas; Helpers--Extraction Workers; Helpers--Extraction Workers; Miscellaneous Extraction Workers; Extraction Workers, All Other"
49-0,"Installation, Maintenance, and Repair Occupations"
49-1,"Supervisors of Installation, Maintenance, and Repair Workers; First-Line Supervisors of Mechanics, Installers, and Repairers; First-Line Supervisors of Mechanics, Installers, and Repairers"
49-2,"Electrical and Electronic Equipment Mechanics, Installers, and Repairers; Computer, Automated Teller, and Office Machine Repairers; Computer, Automated Teller, and Office Machine Repairers; Radio and Telecommunications Equipment Installers and Repairers; Radio, Cellular, and Tower Equipment Installers and Repairers; Telecommunications Equipment Installers and Repairers, Except Line Installers; Miscellaneous Electrical and Electronic Equipment Mechanics, Installers, and Repairers; Avionics Technicians; Electric Motor, Power Tool, and Related Repairers; Electrical and Electronics Installers and Repairers, Transportation Equipment; Electrical and Electronics Repairers, Commercial and Industrial Equipment; Electrical and Electronics Repairers, Powerhouse, Substation, and Relay; Electronic Equipment Installers and Repairers, Motor Vehicles; Audiovisual Equipment Installers and Repairers; Security and Fire Alarm Systems Installers"
49-3,"Vehicle and Mobile Equipment Mechanics, Installers, and Repairers; Aircraft Mechanics and Service Technicians; Aircraft Mechanics and Service Technicians; Automotive Technicians and Repairers; Automotive Body and Related Repairers; Automotive Glass Installers and Repairers; Automotive Service Technicians and Mechanics; Bus and Truck Mechanics and Diesel Engine Specialists; Bus and Truck Mechanics and Diesel Engine Specialists; Heavy Vehicle and Mobile Equipment Service Technicians and Mechanics; Farm Equipment Mechanics and Service Technicians; Mobile Heavy Equipment Mechanics, Except Engines; Rail Car Repairers; Small Engine Mechanics; Motorboat Mechanics and Service Technicians; Motorcycle Mechanics; Outdoor Power Equipment and Other Small Engine Mechanics; Miscellaneous Vehicle and Mobile Equipment Mechanics, Installers, and Repairers; Bicycle Repairers; Recreational Vehicle Service Technicians; Tire Repairers and Changers"
49-9,"Other Installation, Maintenance, and Repair Occupations; Control and Valve Installers and Repairers; Mechanical Door Repairers; Control and Valve Installers and Repairers, Except Mechanical Door; Heating, Air Conditioning, and Refrigeration Mechanics and Installers; Heating, Air Conditioning, and Refrigeration Mechanics and Installers; Home Appliance Repairers; Home Appliance Repairers; Industrial Machinery Installation, Repair, and Maintenance Workers; Industrial Machinery Mechanics; Maintenance Workers, Machinery; Millwrights; Refractory Materials Repairers, Except Brickmasons; Line Installers and Repairers; Electrical Power-Line Installers and Repairers; Telecommunications Line Installers and Repairers; Precision Instrument and Equipment Repairers; Camera and Photographic Equipment Repairers; Medical Equipment Repairers; Musical Instrument Repairers and Tuners; Watch and Clock Repairers; Precision Instrument and Equipment Repairers, All Other; Maintenance and Repair Workers, General; Maintenance and Repair Workers, General; Wind Turbine Service Technicians; Wind Turbine Service Technicians; Miscellaneous Installation, Maintenance, and Repair Workers; Coin, Vending, and Amusement Machine Servicers and Repairers; Commercial Divers; Locksmiths and Safe Repairers; Manufactured Building and Mobile Home Installers; Riggers; Signal and Track Switch Repairers; Helpers--Installation, Maintenance, and Repair Workers; Installation, Maintenance, and Repair Workers, All Other; Geothermal Technicians"
51-0,Production Occupations
51-1,Supervisors of Production Workers; First-Line Supervisors of Production and Operating Workers; First-Line Supervisors of Production and Operating Workers
51-2,"Assemblers and Fabricators; Aircraft Structure, Surfaces, Rigging, and Systems Assemblers; Aircraft Structure, Surfaces, Rigging, and Systems Assemblers; Electrical, Electronics, and Electromechanical Assemblers; Coil Winders, Tapers, and Finishers; Electrical and Electronic Equipment Assemblers; Electromechanical Equipment Assemblers; Engine and Other Machine Assemblers; Engine and Other Machine Assemblers; Structural Metal Fabricators and Fitters; Structural Metal Fabricators and Fitters; Fiberglass Laminators and Fabricators; Fiberglass Laminators and Fabricators; Timing Device Assemblers and Adjusters; Timing Device Assemblers and Adjusters; Miscellaneous Assemblers and Fabricators; Team Assemblers; Assemblers and Fabricators, All Other"
51-3,"Food Processing Workers; Bakers; Bakers; Butchers and Other Meat, Poultry, and Fish Processing Workers; Butchers and Meat Cutters; Meat, Poultry, and Fish Cutters and Trimmers; Slaughterers and Meat Packers; Miscellaneous Food Processing Workers; Food and Tobacco Roasting, Baking, and Drying Machine Operators and Tenders; Food Batchmakers; Food Cooking Machine Operators and Tenders; Food Processing Workers, All Other"
51-4,"Metal Workers and Plastic Workers; Forming Machine Setters, Operators, and Tenders, Metal and Plastic; Extruding and Drawing Machine Setters, Operators, and Tenders, Metal and Plastic; Forging Machine Setters, Operators, and Tenders, Metal and Plastic; Rolling Machine Setters, Operators, and Tenders, Metal and Plastic; Machine Tool Cutting Setters, Operators, and Tenders, Metal and Plastic; Cutting, Punching, and Press Machine Setters, Operators, and Tenders, Metal and Plastic; Drilling and Boring Machine Tool Setters, Operators, and Tenders, Metal and Plastic; Grinding, Lapping, Polishing, and Buffing Machine Tool Setters, Operators, and Tenders, Metal and Plastic; Lathe and Turning Machine Tool Setters, Operators, and Tenders, Metal and Plastic; Milling and Planing Machine Setters, Operators, and Tenders, Metal and Plastic; Machinists; Machinists; Metal Furnace Operators, Tenders, Pourers, and Casters; Metal-Refining Furnace Operators and Tenders; Pourers and Casters, Metal; Model Makers and Patternmakers, Metal and Plastic; Model Makers, Metal and Plastic; Patternmakers, Metal and Plastic; Molders and Molding Machine Setters, Operators, and Tenders, Metal and Plastic; Foundry Mold and Coremakers; Molding, Coremaking, and Casting Machine Setters, Operators, and Tenders, Metal and Plastic; Multiple Machine Tool Setters, Operators, and Tenders, Metal and Plastic; Multiple Machine Tool Setters, Operators, and Tenders, Metal and Plastic; Tool and Die Makers; Tool and Die Makers; Welding, Soldering, and Brazing Workers; Welders, Cutters, Solderers, and Brazers; Welding, Soldering, and Brazing Machine Setters, Operators, and Tenders; Miscellaneous Metal Workers and Plastic Workers; Heat Treating Equipment Setters, Operators, and Tenders, Metal and Plastic; Layout Workers, Metal and Plastic; Plating Machine Setters, Operators, and Tenders, Metal and Plastic; Tool Grinders, Filers, and Sharpeners; Metal Workers and Plastic Workers, All Other"
51-5,Printing Workers; Printing Workers; Prepress Technicians and Workers; Printing Press Operators; Print Binding and Finishing Workers
51-6,"Textile, Apparel, and Furnishings Workers; Laundry and Dry-Cleaning Workers; Laundry and Dry-Cleaning Workers; Pressers, Textile, Garment, and Related Materials; Pressers, Textile, Garment, and Related Materials; Sewing Machine Operators; Sewing Machine Operators; Shoe and Leather Workers; Shoe and Leather Workers and Repairers; Shoe Machine Operators and Tenders; Tailors, Dressmakers, and Sewers; Sewers, Hand; Tailors, Dressmakers, and Custom Sewers; Textile Machine Setters, Operators, and Tenders; Textile Bleaching and Dyeing Machine Operators and Tenders; Textile Cutting Machine Setters, Operators, and Tenders; Textile Knitting and Weaving Machine Setters, Operators, and Tenders; Textile Winding, Twisting, and Drawing Out Machine Setters, Operators, and Tenders; Miscellaneous Textile, Apparel, and Furnishings Workers; Extruding and Forming Machine Setters, Operators, and Tenders, Synthetic and Glass Fibers; Fabric and Apparel Patternmakers; Upholsterers; Textile, Apparel, and Furnishings Workers, All Other"
51-7,"Woodworkers; Cabinetmakers and Bench Carpenters; Cabinetmakers and Bench Carpenters; Furniture Finishers; Furniture Finishers; Model Makers and Patternmakers, Wood; Model Makers, Wood; Patternmakers, Wood; Woodworking Machine Setters, Operators, and Tenders; Sawing Machine Setters, Operators, and Tenders, Wood; Woodworking Machine Setters, Operators, and Tenders, Except Sawing; Miscellaneous Woodworkers; Woodworkers, All Other"
51-8,"Plant and System Operators; Power Plant Operators, Distributors, and Dispatchers; Nuclear Power Reactor Operators; Power Distributors and Dispatchers; Power Plant Operators; Biomass Plant Technicians; Hydroelectric Plant Technicians; Stationary Engineers and Boiler Operators; Stationary Engineers and Boiler Operators; Water and Wastewater Treatment Plant and System Operators; Water and Wastewater Treatment Plant and System Operators; Miscellaneous Plant and System Operators; Chemical Plant and System Operators; Gas Plant Operators; Petroleum Pump System Operators, Refinery Operators, and Gaugers; Plant and System Operators, All Other; Biofuels Processing Technicians"
51-9,"Other Production Occupations; Chemical Processing Machine Setters, Operators, and Tenders; Chemical Equipment Operators and Tenders; Separating, Filtering, Clarifying, Precipitating, and Still Machine Setters, Operators, and Tenders; Crushing, Grinding, Polishing, Mixing, and Blending Workers; Crushing, Grinding, and Polishing Machine Setters, Operators, and Tenders; Grinding and Polishing Workers, Hand; Mixing and Blending Machine Setters, Operators, and Tenders; Cutting Workers; Cutters and Trimmers, Hand; Cutting and Slicing Machine Setters, Operators, and Tenders; Extruding, Forming, Pressing, and Compacting Machine Setters, Operators, and Tenders; Extruding, Forming, Pressing, and Compacting Machine Setters, Operators, and Tenders; Furnace, Kiln, Oven, Drier, and Kettle Operators and Tenders; Furnace, Kiln, Oven, Drier, and Kettle Operators and Tenders; Inspectors, Testers, Sorters, Samplers, and Weighers; Inspectors, Testers, Sorters, Samplers, and Weighers; Jewelers and Precious Stone and Metal Workers; Jewelers and Precious Stone and Metal Workers; Gem and Diamond Workers; Dental and Ophthalmic Laboratory Technicians and Medical Appliance Technicians; Dental Laboratory Technicians; Medical Appliance Technicians; Ophthalmic Laboratory Technicians; Packaging and Filling Machine Operators and Tenders; Packaging and Filling Machine Operators and Tenders; Painting Workers; Painting, Coating, and Decorating Workers; Coating, Painting, and Spraying Machine Setters, Operators, and Tenders; Semiconductor Processing Technicians; Semiconductor Processing Technicians; Photographic Process Workers and Processing Machine Operators; Photographic Process Workers and Processing Machine Operators; Computer Numerically Controlled Tool Operators and Programmers; Computer Numerically Controlled Tool Operators; Computer Numerically Controlled Tool Programmers; Miscellaneous Production Workers; Adhesive Bonding Machine Operators and Tenders; Cleaning, Washing, and Metal Pickling Equipment Operators and Tenders; Cooling and Freezing Equipment Operators and Tenders; Etchers and Engravers; Molders, Shapers, and Casters, Except Metal and Plastic; Stone Cutters and Carvers, Manufacturing; Glass Blowers, Molders, Benders, and Finishers; Potters, Manufacturing; Paper Goods Machine Setters, Operators, and Tenders; Tire Builders; Helpers--Production Workers; Production Workers, All Other"
53-0,Transportation and Material Moving Occupations
53-1,"Supervisors of Transportation and Material Moving Workers; First-Line Supervisors of Transportation and Material Moving Workers; Aircraft Cargo Handling Supervisors; First-Line Supervisors of Helpers, Laborers, and Material Movers, Hand; Recycling Coordinators; First-Line Supervisors of Material-Moving Machine and Vehicle Operators; First-Line Supervisors of Passenger Attendants; First-Line Supervisors of Transportation Workers, All Other"
53-2,"Air Transportation Workers; Aircraft Pilots and Flight Engineers; Airline Pilots, Copilots, and Flight Engineers; Commercial Pilots; Air Traffic Controllers and Airfield Operations Specialists; Air Traffic Controllers; Airfield Operations Specialists; Flight Attendants; Flight Attendants"
53-3,"Motor Vehicle Operators; Ambulance Drivers and Attendants, Except Emergency Medical Technicians; Ambulance Drivers and Attendants, Except Emergency Medical Technicians; Driver/Sales Workers and Truck Drivers; Driver/Sales Workers; Heavy and Tractor-Trailer Truck Drivers; Light Truck Drivers; Passenger Vehicle Drivers; Bus Drivers, School; Bus Drivers, Transit and Intercity; Shuttle Drivers and Chauffeurs; Taxi Drivers; Miscellaneous Motor Vehicle Operators; Motor Vehicle Operators, All Other"
53-4,"Rail Transportation Workers; Locomotive Engineers and Operators; Locomotive Engineers; Rail Yard Engineers, Dinkey Operators, and Hostlers; Railroad Brake, Signal, and Switch Operators and Locomotive Firers; Railroad Brake, Signal, and Switch Operators and Locomotive Firers; Railroad Conductors and Yardmasters; Railroad Conductors and Yardmasters; Subway and Streetcar Operators; Subway and Streetcar Operators; Miscellaneous Rail Transportation Workers; Rail Transportation Workers, All Other"
53-5,"Water Transportation Workers; Sailors and Marine Oilers; Sailors and Marine Oilers; Ship and Boat Captains and Operators; Captains, Mates, and Pilots of Water Vessels; Motorboat Operators; Ship Engineers; Ship Engineers"
53-6,"Other Transportation Workers; Bridge and Lock Tenders; Bridge and Lock Tenders; Parking Attendants; Parking Attendants; Transportation Service Attendants; Automotive and Watercraft Service Attendants; Aircraft Service Attendants; Traffic Technicians; Traffic Technicians; Transportation Inspectors; Transportation Inspectors; Aviation Inspectors; Transportation Vehicle, Equipment and Systems Inspectors, Except Aviation; Passenger Attendants; Passenger Attendants; Miscellaneous Transportation Workers; Transportation Workers, All Other"
53-7,"Material Moving Workers; Conveyor Operators and Tenders; Conveyor Operators and Tenders; Crane and Tower Operators; Crane and Tower Operators; Dredge Operators; Dredge Operators; Hoist and Winch Operators; Hoist and Winch Operators; Industrial Truck and Tractor Operators; Industrial Truck and Tractor Operators; Laborers and Material Movers; Cleaners of Vehicles and Equipment; Laborers and Freight, Stock, and Material Movers, Hand; Recycling and Reclamation Workers; Machine Feeders and Offbearers; Packers and Packagers, Hand; Stockers and Order Fillers; Pumping Station Operators; Gas Compressor and Gas Pumping Station Operators; Pump Operators, Except Wellhead Pumpers; Wellhead Pumpers; Refuse and Recyclable Material Collectors; Refuse and Recyclable Material Collectors; Tank Car, Truck, and Ship Loaders; Tank Car, Truck, and Ship Loaders; Miscellaneous Material Moving Workers; Material Moving Workers, All Other"
55-0,Military Specific Occupations
55-1,"Military Officer Special and Tactical Operations Leaders; Military Officer Special and Tactical Operations Leaders; Air Crew Officers; Aircraft Launch and Recovery Officers; Armored Assault Vehicle Officers; Artillery and Missile Officers; Command and Control Center Officers; Infantry Officers; Special Forces Officers; Military Officer Special and Tactical Operations Leaders, All Other"
55-2,First-Line Enlisted Military Supervisors; First-Line Enlisted Military Supervisors; First-Line Supervisors of Air Crew Members; First-Line Supervisors of Weapons Specialists/Crew Members; First-Line Supervisors of All Other Tactical Operations Specialists
55-3,"Military Enlisted Tactical Operations and Air/Weapons Specialists and Crew Members; Military Enlisted Tactical Operations and Air/Weapons Specialists and Crew Members; Air Crew Members; Aircraft Launch and Recovery Specialists; Armored Assault Vehicle Crew Members; Artillery and Missile Crew Members; Command and Control Center Specialists; Infantry; Special Forces; Military Enlisted Tactical Operations and Air/Weapons Specialists and Crew Members, All Other"
